Fiscal_Year,Mean_COGS_ratio,Mean_SGA_ratio,Mean_Operating_Margin,Mean_Net_Margin,Mean_ROA
2020,0.584440611635082,0.34196528613572597,0.031184175106058833,-0.009957748717493284,0.009345203920172629
2021,0.5581773532471017,0.33069857676262193,0.07038785194690149,0.052587857885042756,0.08650675768359709
2022,0.573957699642282,0.3374845025307334,0.042931294530752104,0.0012173068761711348,0.015880058138448467
2023,0.5654772284574531,0.3495398145976538,0.043906710633664726,0.009356173299028847,0.028234333545333015
2024,0.5555606637643473,0.35761327032576673,0.04140812169502438,0.012704963207469024,0.03892041397446722
