Fiscal_Year,Mean_COGS_ratio,Mean_SGA_ratio,Mean_Operating_Margin,Mean_Net_Margin
2020,0.629026536966669,0.3499905478813689,-0.025341287466481413,-0.0844289543377679
2021,0.600493471489545,0.32969640114213006,0.024980397680091675,-0.0006197750555029565
2022,0.6086894952830472,0.3245010152945453,0.0202744580470761,-0.033461244633834604
2023,0.6055469569209402,0.34901648424536647,0.000143603601328687,-0.02725037569504021
2024,0.604258524927012,0.3262229733656763,0.023925181546835143,-0.0069739415942992435
