Fiscal_Year,Mean_COGS_ratio,Mean_SGA_ratio,Mean_Operating_Margin,Mean_Net_Margin,Mean_ROA
2020,0.5863711097610959,0.34872601185054564,0.0247056029576059,-0.020443039119117226,-0.008809550167835016
2021,0.5591179099893296,0.3376180364759704,0.06506872014989816,0.04453219007190165,0.07551148839109452
2022,0.5746908303469076,0.34398210845720073,0.03838646366919147,-0.0001511008879117893,0.010167248345467781
2023,0.5655288199917583,0.3570334999772169,0.0398242226889215,0.002695521411106912,0.020539419805036638
2024,0.5549264677123487,0.3670340609737503,0.03629230465689299,0.0064285711365687104,0.03213321661693092
